Dismissal Session,Pickup Area,Date,AD Method,Dismissal Location,Time In,Time Out,Time In Clean,Time Out Clean,Time Difference,Diff Min,Release,Diff Release,carpool_id,Level
Daily Dismissal,Upper Loop,11/4/22 14:00,AUTO,1st Grade,11/4/22 13:27,11/4/22 14:00,13:27,14:00,0:33:00,33,11/4/2022 14:00:00,-33,111462,ES
Daily Dismissal,Upper Loop,11/4/22 14:00,AUTO,1st Grade,11/4/22 13:27,11/4/22 14:03,13:27,14:03,0:36:00,36,11/4/2022 14:00:00,-33,111463,ES
Daily Dismissal,Upper Loop,11/4/22 14:00,AUTO,1st Grade,11/4/22 13:30,11/4/22 13:58,13:30,13:58,0:28:00,28,11/4/2022 14:00:00,-30,111464,ES
Daily Dismissal,Upper Loop,11/4/22 14:00,AUTO,1st Grade,11/4/22 13:30,11/4/22 13:59,13:30,13:59,0:29:00,29,11/4/2022 14:00:00,-30,111465,ES
Daily Dismissal,Upper Loop,11/4/22 14:00,AUTO,Pre-K - Bo,11/4/22 13:31,11/4/22 14:03,13:31,14:03,0:32:00,32,11/4/2022 14:00:00,-29,111466,ES
Daily Dismissal,Upper Loop,11/4/22 14:00,AUTO,1st Grade,11/4/22 13:35,11/4/22 14:02,13:35,14:02,0:27:00,27,11/4/2022 14:00:00,-25,111467,ES
Daily Dismissal,Upper Loop,11/4/22 14:00,AUTO,Kindergart,11/4/22 13:37,11/4/22 14:02,13:37,14:02,0:25:00,25,11/4/2022 14:00:00,-23,111468,ES
Daily Dismissal,Upper Loop,11/4/22 14:00,AUTO,Pre-K - Bo,11/4/22 13:38,11/4/22 14:03,13:38,14:03,0:25:00,25,11/4/2022 14:00:00,-22,111469,ES
Daily Dismissal,Upper Loop,11/4/22 14:00,AUTO,1st Grade,11/4/22 13:39,11/4/22 14:04,13:39,14:04,0:25:00,25,11/4/2022 14:00:00,-21,111470,ES
Daily Dismissal,Upper Loop,11/4/22 14:00,AUTO,2nd Grade,11/4/22 13:42,11/4/22 14:03,13:42,14:03,0:21:00,21,11/4/2022 14:00:00,-18,111471,ES
Daily Dismissal,Upper Loop,11/4/22 14:00,AUTO,2nd Grade,11/4/22 13:42,11/4/22 13:46,13:42,13:46,0:04:00,4,11/4/2022 14:00:00,-18,111472,ES
Daily Dismissal,Upper Loop,11/4/22 14:00,AUTO,4th Grade,11/4/22 13:42,11/4/22 15:22,13:42,15:22,1:40:00,100,11/4/2022 14:00:00,-18,111473,ES
Daily Dismissal,Upper Loop,11/4/22 14:00,AUTO,Kindergart,11/4/22 13:44,11/4/22 14:05,13:44,14:05,0:21:00,21,11/4/2022 14:00:00,-16,111474,ES
Daily Dismissal,Upper Loop,11/4/22 14:00,AUTO,5th Grade,11/4/22 13:44,11/4/22 14:04,13:44,14:04,0:20:00,20,11/4/2022 14:00:00,-16,111475,ES
Daily Dismissal,Upper Loop,11/4/22 14:00,AUTO,2nd Grade,11/4/22 13:44,11/4/22 14:04,13:44,14:04,0:20:00,20,11/4/2022 14:00:00,-16,111476,ES
Daily Dismissal,Upper Loop,11/4/22 14:00,AUTO,Kindergart,11/4/22 13:47,11/4/22 14:05,13:47,14:05,0:18:00,18,11/4/2022 14:00:00,-13,111477,ES
Daily Dismissal,Upper Loop,11/4/22 14:00,AUTO,2nd Grade,11/4/22 13:47,11/4/22 14:04,13:47,14:04,0:17:00,17,11/4/2022 14:00:00,-13,111478,ES
Daily Dismissal,Upper Loop,11/4/22 14:00,AUTO,Kindergart,11/4/22 13:47,11/4/22 14:05,13:47,14:05,0:18:00,18,11/4/2022 14:00:00,-13,111479,ES
Daily Dismissal,Upper Loop,11/4/22 14:00,AUTO,1st Grade,11/4/22 13:48,11/4/22 14:05,13:48,14:05,0:17:00,17,11/4/2022 14:00:00,-12,111480,ES
Daily Dismissal,Upper Loop,11/4/22 14:00,AUTO,2nd Grade,11/4/22 13:48,11/4/22 14:05,13:48,14:05,0:17:00,17,11/4/2022 14:00:00,-12,111481,ES
Daily Dismissal,Upper Loop,11/4/22 14:00,AUTO,Kindergart,11/4/22 13:51,11/4/22 14:05,13:51,14:05,0:14:00,14,11/4/2022 14:00:00,-9,111482,ES
Daily Dismissal,Upper Loop,11/4/22 14:00,AUTO,Kindergart,11/4/22 13:51,11/4/22 14:04,13:51,14:04,0:13:00,13,11/4/2022 14:00:00,-9,111483,ES
Daily Dismissal,Upper Loop,11/4/22 14:00,AUTO,Pre-K - Ka,11/4/22 13:52,11/4/22 14:06,13:52,14:06,0:14:00,14,11/4/2022 14:00:00,-8,111484,ES
Daily Dismissal,Upper Loop,11/4/22 14:00,AUTO,2nd Grade,11/4/22 13:53,11/4/22 14:06,13:53,14:06,0:13:00,13,11/4/2022 14:00:00,-7,111485,ES
Daily Dismissal,Upper Loop,11/4/22 14:00,AUTO,1st Grade,11/4/22 13:53,11/4/22 14:04,13:53,14:04,0:11:00,11,11/4/2022 14:00:00,-7,111486,ES
Daily Dismissal,Upper Loop,11/4/22 14:00,AUTO,1st Grade,11/4/22 13:54,11/7/22 13:54,13:54,13:54,72:00:00,4320,11/4/2022 14:00:00,-6,111488,ES
Daily Dismissal,Upper Loop,11/4/22 14:00,AUTO,1st Grade,11/4/22 13:55,11/4/22 14:07,13:55,14:07,0:12:00,12,11/4/2022 14:00:00,-5,111489,ES
Daily Dismissal,Upper Loop,11/4/22 14:00,AUTO,Pre-K - Ka,11/4/22 13:55,11/4/22 14:07,13:55,14:07,0:12:00,12,11/4/2022 14:00:00,-5,111489,ES
Daily Dismissal,Upper Loop,11/4/22 14:00,AUTO,5th Grade,11/4/22 13:55,11/4/22 14:07,13:55,14:07,0:12:00,12,11/4/2022 14:00:00,-5,111489,ES
Daily Dismissal,Upper Loop,11/4/22 14:00,AUTO,1st Grade,11/4/22 13:56,11/4/22 14:02,13:56,14:02,0:06:00,6,11/4/2022 14:00:00,-4,111490,ES
Daily Dismissal,Upper Loop,11/4/22 14:00,AUTO,1st Grade,11/4/22 13:56,11/4/22 13:59,13:56,13:59,0:03:00,3,11/4/2022 14:00:00,-4,111491,ES
Daily Dismissal,Upper Loop,11/4/22 14:00,AUTO,1st Grade,11/4/22 13:57,11/4/22 14:01,13:57,14:01,0:04:00,4,11/4/2022 14:00:00,-3,111492,ES
Daily Dismissal,Upper Loop,11/4/22 14:00,AUTO,Kindergart,11/4/22 13:57,11/4/22 14:01,13:57,14:01,0:04:00,4,11/4/2022 14:00:00,-3,111493,ES
Daily Dismissal,Upper Loop,11/4/22 14:00,AUTO,2nd Grade,11/4/22 13:57,11/4/22 14:01,13:57,14:01,0:04:00,4,11/4/2022 14:00:00,-3,111493,ES
Daily Dismissal,Upper Loop,11/4/22 14:00,AUTO,Kindergart,11/4/22 13:57,11/4/22 14:07,13:57,14:07,0:10:00,10,11/4/2022 14:00:00,-3,111494,ES
Daily Dismissal,Upper Loop,11/4/22 14:00,AUTO,5th Grade,11/4/22 13:57,11/4/22 14:22,13:57,14:22,0:25:00,25,11/4/2022 14:00:00,-3,111495,ES
Daily Dismissal,Upper Loop,11/4/22 14:00,AUTO,1st Grade,11/4/22 13:57,11/4/22 14:08,13:57,14:08,0:11:00,11,11/4/2022 14:00:00,-3,111496,ES
Daily Dismissal,Upper Loop,11/4/22 14:00,AUTO,Pre-K - Ka,11/4/22 13:57,11/4/22 14:08,13:57,14:08,0:11:00,11,11/4/2022 14:00:00,-3,111496,ES
Daily Dismissal,Upper Loop,11/4/22 14:00,AUTO,Kindergart,11/4/22 13:57,11/4/22 14:07,13:57,14:07,0:10:00,10,11/4/2022 14:00:00,-3,111497,ES
Daily Dismissal,Upper Loop,11/4/22 14:00,AUTO,1st Grade,11/4/22 13:58,11/4/22 14:07,13:58,14:07,0:09:00,9,11/4/2022 14:00:00,-2,111498,ES
Daily Dismissal,Upper Loop,11/4/22 14:00,AUTO,2nd Grade,11/4/22 13:58,11/4/22 14:08,13:58,14:08,0:10:00,10,11/4/2022 14:00:00,-2,111499,ES
Daily Dismissal,Upper Loop,11/4/22 14:00,AUTO,2nd Grade,11/4/22 13:58,11/4/22 14:07,13:58,14:07,0:09:00,9,11/4/2022 14:00:00,-2,111500,ES
Daily Dismissal,Upper Loop,11/4/22 14:00,AUTO,1st Grade,11/4/22 13:59,11/4/22 14:07,13:59,14:07,0:08:00,8,11/4/2022 14:00:00,-1,111501,ES
Daily Dismissal,Upper Loop,11/4/22 14:00,AUTO,Pre-K - Ka,11/4/22 13:59,11/8/22 16:02,13:59,16:02,98:03:00,5883,11/4/2022 14:00:00,-1,111502,ES
Daily Dismissal,Upper Loop,11/4/22 14:00,AUTO,Pre-K - Bo,11/4/22 13:59,11/4/22 14:05,13:59,14:05,0:06:00,6,11/4/2022 14:00:00,-1,111503,ES
Daily Dismissal,Upper Loop,11/4/22 14:00,AUTO,2nd Grade,11/4/22 13:59,11/4/22 13:59,13:59,13:59,0:00:00,0,11/4/2022 14:00:00,-1,111504,ES
Daily Dismissal,Upper Loop,11/4/22 14:00,AUTO,2nd Grade,11/4/22 13:59,11/4/22 14:08,13:59,14:08,0:09:00,9,11/4/2022 14:00:00,-1,111505,ES
Daily Dismissal,Upper Loop,11/4/22 14:00,AUTO,3rd Grade,11/4/22 13:59,11/4/22 14:23,13:59,14:23,0:24:00,24,11/4/2022 14:00:00,-1,111506,ES
Daily Dismissal,Upper Loop,11/4/22 14:00,AUTO,5th Grade,11/4/22 14:00,11/4/22 14:18,14:00,14:18,0:18:00,18,11/4/2022 14:00:00,0,111507,ES
Daily Dismissal,Upper Loop,11/4/22 14:00,AUTO,Kindergart,11/4/22 14:00,11/4/22 14:05,14:00,14:05,0:05:00,5,11/4/2022 14:00:00,0,111508,ES
Daily Dismissal,Upper Loop,11/4/22 14:00,AUTO,Pre-K - Bo,11/4/22 14:00,11/4/22 14:10,14:00,14:10,0:10:00,10,11/4/2022 14:00:00,0,111509,ES
Daily Dismissal,Upper Loop,11/4/22 14:00,AUTO,Kindergart,11/4/22 14:01,11/4/22 14:10,14:01,14:10,0:09:00,9,11/4/2022 14:00:00,1,111510,ES
Daily Dismissal,Upper Loop,11/4/22 14:00,AUTO,3rd Grade,11/4/22 14:01,11/4/22 14:23,14:01,14:23,0:22:00,22,11/4/2022 14:00:00,1,111511,ES
Daily Dismissal,Upper Loop,11/4/22 14:00,AUTO,Kindergart,11/4/22 14:02,11/4/22 14:12,14:02,14:12,0:10:00,10,11/4/2022 14:00:00,2,111512,ES
Daily Dismissal,Upper Loop,11/4/22 14:00,AUTO,Kindergart,11/4/22 14:02,11/4/22 14:12,14:02,14:12,0:10:00,10,11/4/2022 14:00:00,2,111512,ES
Daily Dismissal,Upper Loop,11/4/22 14:00,AUTO,Pre-K - Ka,11/4/22 14:03,11/4/22 14:10,14:03,14:10,0:07:00,7,11/4/2022 14:00:00,3,111513,ES
Daily Dismissal,Upper Loop,11/4/22 14:00,AUTO,1st Grade,11/4/22 14:03,11/4/22 14:10,14:03,14:10,0:07:00,7,11/4/2022 14:00:00,3,111513,ES
Daily Dismissal,Upper Loop,11/4/22 14:00,AUTO,5th Grade,11/4/22 14:03,11/4/22 14:19,14:03,14:19,0:16:00,16,11/4/2022 14:00:00,3,111514,ES
Daily Dismissal,Upper Loop,11/4/22 14:00,AUTO,3rd Grade,11/4/22 14:03,11/4/22 14:23,14:03,14:23,0:20:00,20,11/4/2022 14:00:00,3,111515,ES
Daily Dismissal,Upper Loop,11/4/22 14:00,AUTO,1st Grade,11/4/22 14:04,11/4/22 14:06,14:04,14:06,0:02:00,2,11/4/2022 14:00:00,4,111516,ES
Daily Dismissal,Upper Loop,11/4/22 14:00,AUTO,Kindergart,11/4/22 14:04,11/4/22 14:11,14:04,14:11,0:07:00,7,11/4/2022 14:00:00,4,111517,ES
Daily Dismissal,Upper Loop,11/4/22 14:00,AUTO,3rd Grade,11/4/22 14:04,11/4/22 14:22,14:04,14:22,0:18:00,18,11/4/2022 14:00:00,4,111518,ES
Daily Dismissal,Upper Loop,11/4/22 14:00,AUTO,Pre-K - Bo,11/4/22 14:04,11/4/22 14:05,14:04,14:05,0:01:00,1,11/4/2022 14:00:00,4,111519,ES
Daily Dismissal,Upper Loop,11/4/22 14:00,AUTO,Pre-K - Bo,11/4/22 14:05,11/4/22 14:11,14:05,14:11,0:06:00,6,11/4/2022 14:00:00,5,111520,ES
Daily Dismissal,Upper Loop,11/4/22 14:00,AUTO,4th Grade,11/4/22 14:05,11/4/22 14:23,14:05,14:23,0:18:00,18,11/4/2022 14:00:00,5,111521,ES
Daily Dismissal,Upper Loop,11/4/22 14:00,AUTO,2nd Grade,11/4/22 14:05,11/4/22 14:19,14:05,14:19,0:14:00,14,11/4/2022 14:00:00,5,111522,ES
Daily Dismissal,Upper Loop,11/4/22 14:00,AUTO,5th Grade,11/4/22 14:05,11/4/22 14:19,14:05,14:19,0:14:00,14,11/4/2022 14:00:00,5,111522,ES
Daily Dismissal,Upper Loop,11/4/22 14:00,AUTO,Kindergart,11/4/22 14:06,11/4/22 14:12,14:06,14:12,0:06:00,6,11/4/2022 14:00:00,6,111523,ES
Daily Dismissal,Upper Loop,11/4/22 14:00,AUTO,3rd Grade,11/4/22 14:06,11/4/22 14:24,14:06,14:24,0:18:00,18,11/4/2022 14:00:00,6,111524,ES
Daily Dismissal,Upper Loop,11/4/22 14:00,AUTO,Kindergart,11/4/22 14:07,11/4/22 14:12,14:07,14:12,0:05:00,5,11/4/2022 14:00:00,7,111525,ES
Daily Dismissal,Upper Loop,11/4/22 14:00,AUTO,3rd Grade,11/4/22 14:07,11/4/22 14:23,14:07,14:23,0:16:00,16,11/4/2022 14:00:00,7,111526,ES
Daily Dismissal,Upper Loop,11/4/22 14:00,AUTO,1st Grade,11/4/22 14:09,11/4/22 14:14,14:09,14:14,0:05:00,5,11/4/2022 14:00:00,9,111527,ES
Daily Dismissal,Upper Loop,11/4/22 14:00,AUTO,2nd Grade,11/4/22 14:09,11/4/22 14:20,14:09,14:20,0:11:00,11,11/4/2022 14:00:00,9,111528,ES
Daily Dismissal,Upper Loop,11/4/22 14:00,AUTO,Kindergart,11/4/22 14:09,11/4/22 14:20,14:09,14:20,0:11:00,11,11/4/2022 14:00:00,9,111528,ES
Daily Dismissal,Upper Loop,11/4/22 14:00,AUTO,4th Grade,11/4/22 14:09,11/4/22 14:20,14:09,14:20,0:11:00,11,11/4/2022 14:00:00,9,111528,ES
Daily Dismissal,Upper Loop,11/4/22 14:00,AUTO,3rd Grade,11/4/22 14:10,11/4/22 14:24,14:10,14:24,0:14:00,14,11/4/2022 14:00:00,10,111529,ES
Daily Dismissal,Upper Loop,11/4/22 14:00,AUTO,2nd Grade,11/4/22 14:10,11/4/22 14:13,14:10,14:13,0:03:00,3,11/4/2022 14:00:00,10,111530,ES
Daily Dismissal,Upper Loop,11/4/22 14:00,AUTO,Kindergart,11/4/22 14:10,11/4/22 14:13,14:10,14:13,0:03:00,3,11/4/2022 14:00:00,10,111530,ES
Daily Dismissal,Upper Loop,11/4/22 14:00,AUTO,2nd Grade,11/4/22 14:10,11/4/22 14:14,14:10,14:14,0:04:00,4,11/4/2022 14:00:00,10,111531,ES
Daily Dismissal,Upper Loop,11/4/22 14:00,AUTO,5th Grade,11/4/22 14:10,11/4/22 14:21,14:10,14:21,0:11:00,11,11/4/2022 14:00:00,10,111532,ES
Daily Dismissal,Upper Loop,11/4/22 14:00,AUTO,2nd Grade,11/4/22 14:10,11/4/22 14:21,14:10,14:21,0:11:00,11,11/4/2022 14:00:00,10,111532,ES
Daily Dismissal,Upper Loop,11/4/22 14:00,AUTO,3rd Grade,11/4/22 14:10,11/4/22 14:22,14:10,14:22,0:12:00,12,11/4/2022 14:00:00,10,111533,ES
Daily Dismissal,Upper Loop,11/4/22 14:00,AUTO,4th Grade,11/4/22 14:11,11/4/22 14:20,14:11,14:20,0:09:00,9,11/4/2022 14:00:00,11,111534,ES
Daily Dismissal,Upper Loop,11/4/22 14:00,AUTO,4th Grade,11/4/22 14:11,11/4/22 14:11,14:11,14:11,0:00:00,0,11/4/2022 14:00:00,11,111535,ES
Daily Dismissal,Upper Loop,11/4/22 14:00,AUTO,5th Grade,11/4/22 14:11,11/4/22 14:11,14:11,14:11,0:00:00,0,11/4/2022 14:00:00,11,111535,ES
Daily Dismissal,Upper Loop,11/4/22 14:00,AUTO,Kindergart,11/4/22 14:11,11/4/22 14:13,14:11,14:13,0:02:00,2,11/4/2022 14:00:00,11,111536,ES
Daily Dismissal,Upper Loop,11/4/22 14:00,AUTO,4th Grade,11/4/22 14:11,11/4/22 14:23,14:11,14:23,0:12:00,12,11/4/2022 14:00:00,11,111537,ES
Daily Dismissal,Upper Loop,11/4/22 14:00,AUTO,5th Grade,11/4/22 14:11,11/4/22 14:23,14:11,14:23,0:12:00,12,11/4/2022 14:00:00,11,111537,ES
Daily Dismissal,Upper Loop,11/4/22 14:00,AUTO,Pre-K - Ka,11/4/22 14:11,11/4/22 14:14,14:11,14:14,0:03:00,3,11/4/2022 14:00:00,11,111538,ES
Daily Dismissal,Upper Loop,11/4/22 14:00,AUTO,1st Grade,11/4/22 14:11,11/4/22 14:14,14:11,14:14,0:03:00,3,11/4/2022 14:00:00,11,111539,ES
Daily Dismissal,Upper Loop,11/4/22 14:00,AUTO,4th Grade,11/4/22 14:12,11/4/22 14:23,14:12,14:23,0:11:00,11,11/4/2022 14:00:00,12,111540,ES
Daily Dismissal,Upper Loop,11/4/22 14:00,AUTO,5th Grade,11/4/22 14:13,11/4/22 14:24,14:13,14:24,0:11:00,11,11/4/2022 14:00:00,13,111541,ES
Daily Dismissal,Upper Loop,11/4/22 14:00,AUTO,2nd Grade,11/4/22 14:13,11/4/22 14:17,14:13,14:17,0:04:00,4,11/4/2022 14:00:00,13,111542,ES
Daily Dismissal,Upper Loop,11/4/22 14:00,AUTO,Pre-K - Bo,11/4/22 14:13,11/4/22 14:17,14:13,14:17,0:04:00,4,11/4/2022 14:00:00,13,111542,ES
Daily Dismissal,Upper Loop,11/4/22 14:00,AUTO,4th Grade,11/4/22 14:13,11/4/22 14:23,14:13,14:23,0:10:00,10,11/4/2022 14:00:00,13,111543,ES
Daily Dismissal,Upper Loop,11/4/22 14:00,AUTO,5th Grade,11/4/22 14:13,11/4/22 14:25,14:13,14:25,0:12:00,12,11/4/2022 14:00:00,13,111544,ES
Daily Dismissal,Upper Loop,11/4/22 14:00,AUTO,5th Grade,11/4/22 14:13,11/4/22 14:25,14:13,14:25,0:12:00,12,11/4/2022 14:00:00,13,111544,ES
Daily Dismissal,Upper Loop,11/4/22 14:00,AUTO,5th Grade,11/4/22 14:13,11/4/22 14:22,14:13,14:22,0:09:00,9,11/4/2022 14:00:00,13,111545,ES
Daily Dismissal,Upper Loop,11/4/22 14:00,AUTO,2nd Grade,11/4/22 14:14,11/4/22 14:15,14:14,14:15,0:01:00,1,11/4/2022 14:00:00,14,111546,ES
Daily Dismissal,Upper Loop,11/4/22 14:00,AUTO,Kindergart,11/4/22 14:14,11/4/22 14:16,14:14,14:16,0:02:00,2,11/4/2022 14:00:00,14,111547,ES
Daily Dismissal,Upper Loop,11/4/22 14:00,AUTO,4th Grade,11/4/22 14:14,11/4/22 14:24,14:14,14:24,0:10:00,10,11/4/2022 14:00:00,14,111548,ES
Daily Dismissal,Upper Loop,11/4/22 14:00,AUTO,5th Grade,11/4/22 14:14,11/4/22 14:24,14:14,14:24,0:10:00,10,11/4/2022 14:00:00,14,111549,ES
Daily Dismissal,Upper Loop,11/4/22 14:00,AUTO,Pre-K - Ka,11/4/22 14:14,11/4/22 14:24,14:14,14:24,0:10:00,10,11/4/2022 14:00:00,14,111549,ES
Daily Dismissal,Upper Loop,11/4/22 14:00,AUTO,3rd Grade,11/4/22 14:15,11/4/22 14:24,14:15,14:24,0:09:00,9,11/4/2022 14:00:00,15,111550,ES
Daily Dismissal,Upper Loop,11/4/22 14:00,AUTO,3rd Grade,11/4/22 14:16,11/4/22 14:26,14:16,14:26,0:10:00,10,11/4/2022 14:00:00,16,111552,ES
Daily Dismissal,Upper Loop,11/4/22 14:00,AUTO,4th Grade,11/4/22 14:16,11/4/22 14:25,14:16,14:25,0:09:00,9,11/4/2022 14:00:00,16,111553,ES
Daily Dismissal,Upper Loop,11/4/22 14:00,AUTO,2nd Grade,11/4/22 14:16,11/4/22 14:25,14:16,14:25,0:09:00,9,11/4/2022 14:00:00,16,111553,ES
Daily Dismissal,Upper Loop,11/4/22 14:00,AUTO,4th Grade,11/4/22 14:16,11/4/22 14:25,14:16,14:25,0:09:00,9,11/4/2022 14:00:00,16,111554,ES
Daily Dismissal,Upper Loop,11/4/22 14:00,AUTO,4th Grade,11/4/22 14:16,11/4/22 14:25,14:16,14:25,0:09:00,9,11/4/2022 14:00:00,16,111555,ES
Daily Dismissal,Upper Loop,11/4/22 14:00,AUTO,3rd Grade,11/4/22 14:16,11/4/22 14:26,14:16,14:26,0:10:00,10,11/4/2022 14:00:00,16,111556,ES
Daily Dismissal,Upper Loop,11/4/22 14:00,AUTO,3rd Grade,11/4/22 14:16,11/4/22 14:26,14:16,14:26,0:10:00,10,11/4/2022 14:00:00,16,111557,ES
Daily Dismissal,Upper Loop,11/4/22 14:00,AUTO,4th Grade,11/4/22 14:16,11/4/22 14:26,14:16,14:26,0:10:00,10,11/4/2022 14:00:00,16,111557,ES
Daily Dismissal,Upper Loop,11/4/22 14:00,AUTO,4th Grade,11/4/22 14:17,11/4/22 14:26,14:17,14:26,0:09:00,9,11/4/2022 14:00:00,17,111559,ES
Daily Dismissal,Upper Loop,11/4/22 14:00,AUTO,5th Grade,11/4/22 14:17,11/4/22 14:26,14:17,14:26,0:09:00,9,11/4/2022 14:00:00,17,111561,ES
Daily Dismissal,Upper Loop,11/4/22 14:00,AUTO,5th Grade,11/4/22 14:17,11/4/22 14:26,14:17,14:26,0:09:00,9,11/4/2022 14:00:00,17,111562,ES
Daily Dismissal,Upper Loop,11/4/22 14:00,AUTO,5th Grade,11/4/22 14:17,11/4/22 14:26,14:17,14:26,0:09:00,9,11/4/2022 14:00:00,17,111563,ES
Daily Dismissal,Upper Loop,11/4/22 14:00,AUTO,5th Grade,11/4/22 14:17,11/4/22 14:26,14:17,14:26,0:09:00,9,11/4/2022 14:00:00,17,111563,ES
Daily Dismissal,Upper Loop,11/4/22 14:00,AUTO,4th Grade,11/4/22 14:18,11/4/22 14:27,14:18,14:27,0:09:00,9,11/4/2022 14:00:00,18,111564,ES
Daily Dismissal,Upper Loop,11/4/22 14:00,AUTO,3rd Grade,11/4/22 14:18,11/4/22 14:27,14:18,14:27,0:09:00,9,11/4/2022 14:00:00,18,111565,ES
Daily Dismissal,Upper Loop,11/4/22 14:00,AUTO,5th Grade,11/4/22 14:18,11/4/22 14:27,14:18,14:27,0:09:00,9,11/4/2022 14:00:00,18,111565,ES
Daily Dismissal,Upper Loop,11/4/22 14:00,AUTO,1st Grade,11/4/22 14:18,11/4/22 14:27,14:18,14:27,0:09:00,9,11/4/2022 14:00:00,18,111566,ES
Daily Dismissal,Upper Loop,11/4/22 14:00,AUTO,4th Grade,11/4/22 14:18,11/4/22 14:27,14:18,14:27,0:09:00,9,11/4/2022 14:00:00,18,111566,ES
Daily Dismissal,Upper Loop,11/4/22 14:00,AUTO,4th Grade,11/4/22 14:19,11/4/22 14:27,14:19,14:27,0:08:00,8,11/4/2022 14:00:00,19,111567,ES
Daily Dismissal,Upper Loop,11/4/22 14:00,AUTO,Pre-K - Ka,11/4/22 14:19,11/4/22 14:27,14:19,14:27,0:08:00,8,11/4/2022 14:00:00,19,111568,ES
Daily Dismissal,Upper Loop,11/4/22 14:00,AUTO,5th Grade,11/4/22 14:19,11/4/22 14:28,14:19,14:28,0:09:00,9,11/4/2022 14:00:00,19,111569,ES
Daily Dismissal,Upper Loop,11/4/22 14:00,AUTO,4th Grade,11/4/22 14:19,11/4/22 14:27,14:19,14:27,0:08:00,8,11/4/2022 14:00:00,19,111570,ES
Daily Dismissal,Upper Loop,11/4/22 14:00,AUTO,3rd Grade,11/4/22 14:20,11/4/22 14:28,14:20,14:28,0:08:00,8,11/4/2022 14:00:00,20,111571,ES
Daily Dismissal,Upper Loop,11/4/22 14:00,AUTO,4th Grade,11/4/22 14:20,11/4/22 14:28,14:20,14:28,0:08:00,8,11/4/2022 14:00:00,20,111571,ES
Daily Dismissal,Upper Loop,11/4/22 14:00,AUTO,2nd Grade,11/4/22 14:20,11/7/22 14:36,14:20,14:36,72:16:00,4336,11/4/2022 14:00:00,20,111572,ES
Daily Dismissal,Upper Loop,11/4/22 14:00,AUTO,3rd Grade,11/4/22 14:20,11/4/22 14:29,14:20,14:29,0:09:00,9,11/4/2022 14:00:00,20,111573,ES
Daily Dismissal,Upper Loop,11/4/22 14:00,AUTO,5th Grade,11/4/22 14:20,11/4/22 14:29,14:20,14:29,0:09:00,9,11/4/2022 14:00:00,20,111574,ES
Daily Dismissal,Upper Loop,11/4/22 14:00,AUTO,3rd Grade,11/4/22 14:21,11/4/22 14:29,14:21,14:29,0:08:00,8,11/4/2022 14:00:00,21,111575,ES
Daily Dismissal,Upper Loop,11/4/22 14:00,AUTO,4th Grade,11/4/22 14:21,11/4/22 14:30,14:21,14:30,0:09:00,9,11/4/2022 14:00:00,21,111576,ES
Daily Dismissal,Upper Loop,11/4/22 14:00,AUTO,5th Grade,11/4/22 14:21,11/4/22 14:29,14:21,14:29,0:08:00,8,11/4/2022 14:00:00,21,111577,ES
Daily Dismissal,Upper Loop,11/4/22 14:00,AUTO,3rd Grade,11/4/22 14:21,11/4/22 14:30,14:21,14:30,0:09:00,9,11/4/2022 14:00:00,21,111579,ES
Daily Dismissal,Upper Loop,11/4/22 14:00,AUTO,4th Grade,11/4/22 14:22,11/7/22 14:54,14:22,14:54,72:32:00,4352,11/4/2022 14:00:00,22,111581,ES
Daily Dismissal,Upper Loop,11/4/22 14:00,AUTO,4th Grade,11/4/22 14:22,11/4/22 14:29,14:22,14:29,0:07:00,7,11/4/2022 14:00:00,22,111582,ES
Daily Dismissal,Upper Loop,11/4/22 14:00,AUTO,5th Grade,11/4/22 14:23,11/4/22 14:23,14:23,14:23,0:00:00,0,11/4/2022 14:00:00,23,111583,ES
Daily Dismissal,Upper Loop,11/4/22 14:00,AUTO,5th Grade,11/4/22 14:23,11/4/22 14:25,14:23,14:25,0:02:00,2,11/4/2022 14:00:00,23,111584,ES
Daily Dismissal,Upper Loop,11/4/22 14:00,AUTO,5th Grade,11/4/22 14:23,11/4/22 14:25,14:23,14:25,0:02:00,2,11/4/2022 14:00:00,23,111584,ES
Daily Dismissal,Upper Loop,11/4/22 14:00,AUTO,5th Grade,11/4/22 14:23,11/4/22 14:25,14:23,14:25,0:02:00,2,11/4/2022 14:00:00,23,111584,ES
Daily Dismissal,Upper Loop,11/4/22 14:00,AUTO,5th Grade,11/4/22 14:23,11/4/22 14:30,14:23,14:30,0:07:00,7,11/4/2022 14:00:00,23,111585,ES
Daily Dismissal,Upper Loop,11/4/22 14:00,AUTO,4th Grade,11/4/22 14:23,11/4/22 14:30,14:23,14:30,0:07:00,7,11/4/2022 14:00:00,23,111586,ES
Daily Dismissal,Upper Loop,11/4/22 14:00,AUTO,Kindergart,11/4/22 14:23,11/4/22 14:52,14:23,14:52,0:29:00,29,11/4/2022 14:00:00,23,111587,ES
Daily Dismissal,Upper Loop,11/4/22 14:00,AUTO,4th Grade,11/4/22 14:23,11/4/22 14:30,14:23,14:30,0:07:00,7,11/4/2022 14:00:00,23,111588,ES
Daily Dismissal,Upper Loop,11/4/22 14:00,AUTO,3rd Grade,11/4/22 14:24,11/4/22 14:24,14:24,14:24,0:00:00,0,11/4/2022 14:00:00,24,111590,ES
Daily Dismissal,Upper Loop,11/4/22 14:00,AUTO,1st Grade,11/4/22 14:25,11/4/22 14:25,14:25,14:25,0:00:00,0,11/4/2022 14:00:00,25,111591,ES
Daily Dismissal,Upper Loop,11/4/22 14:00,AUTO,4th Grade,11/4/22 14:25,11/4/22 14:25,14:25,14:25,0:00:00,0,11/4/2022 14:00:00,25,111591,ES
Daily Dismissal,Upper Loop,11/4/22 14:00,AUTO,1st Grade,11/4/22 14:25,11/4/22 14:30,14:25,14:30,0:05:00,5,11/4/2022 14:00:00,25,111592,ES
Daily Dismissal,Upper Loop,11/4/22 14:00,AUTO,4th Grade,11/4/22 14:25,11/4/22 14:30,14:25,14:30,0:05:00,5,11/4/2022 14:00:00,25,111592,ES
Daily Dismissal,Upper Loop,11/4/22 14:00,AUTO,4th Grade,11/4/22 14:25,11/4/22 14:31,14:25,14:31,0:06:00,6,11/4/2022 14:00:00,25,111593,ES
Daily Dismissal,Upper Loop,11/4/22 14:00,AUTO,Pre-K - Ka,11/4/22 14:25,11/4/22 14:34,14:25,14:34,0:09:00,9,11/4/2022 14:00:00,25,111594,ES
Daily Dismissal,Upper Loop,11/4/22 14:00,AUTO,3rd Grade,11/4/22 14:26,11/4/22 14:32,14:26,14:32,0:06:00,6,11/4/2022 14:00:00,26,111595,ES
Daily Dismissal,Upper Loop,11/4/22 14:00,AUTO,4th Grade,11/4/22 14:26,11/4/22 14:32,14:26,14:32,0:06:00,6,11/4/2022 14:00:00,26,111596,ES
Daily Dismissal,Upper Loop,11/4/22 14:00,AUTO,4th Grade,11/4/22 14:26,11/9/22 14:52,14:26,14:52,120:26:00,7226,11/4/2022 14:00:00,26,111597,ES
Daily Dismissal,Upper Loop,11/4/22 14:00,AUTO,3rd Grade,11/4/22 14:26,11/4/22 14:32,14:26,14:32,0:06:00,6,11/4/2022 14:00:00,26,111598,ES
Daily Dismissal,Upper Loop,11/4/22 14:00,AUTO,1st Grade,11/4/22 14:26,11/4/22 14:32,14:26,14:32,0:06:00,6,11/4/2022 14:00:00,26,111598,ES
Daily Dismissal,Upper Loop,11/4/22 14:00,AUTO,5th Grade,11/4/22 14:26,11/4/22 14:32,14:26,14:32,0:06:00,6,11/4/2022 14:00:00,26,111599,ES
Daily Dismissal,Upper Loop,11/4/22 14:00,AUTO,1st Grade,11/4/22 14:26,11/4/22 14:32,14:26,14:32,0:06:00,6,11/4/2022 14:00:00,26,111599,ES
Daily Dismissal,Upper Loop,11/4/22 14:00,AUTO,4th Grade,11/4/22 14:27,11/4/22 14:32,14:27,14:32,0:05:00,5,11/4/2022 14:00:00,27,111600,ES
Daily Dismissal,Upper Loop,11/4/22 14:00,AUTO,Pre-K - Ka,11/4/22 14:28,11/4/22 14:33,14:28,14:33,0:05:00,5,11/4/2022 14:00:00,28,111601,ES
Daily Dismissal,Upper Loop,11/4/22 14:00,AUTO,3rd Grade,11/4/22 14:28,11/4/22 14:33,14:28,14:33,0:05:00,5,11/4/2022 14:00:00,28,111601,ES
Daily Dismissal,Upper Loop,11/4/22 14:00,AUTO,5th Grade,11/4/22 14:28,11/4/22 14:33,14:28,14:33,0:05:00,5,11/4/2022 14:00:00,28,111601,ES
Daily Dismissal,Upper Loop,11/4/22 14:00,AUTO,5th Grade,11/4/22 14:29,11/4/22 14:33,14:29,14:33,0:04:00,4,11/4/2022 14:00:00,29,111602,ES
Daily Dismissal,Upper Loop,11/4/22 14:00,AUTO,5th Grade,11/4/22 14:29,11/4/22 14:33,14:29,14:33,0:04:00,4,11/4/2022 14:00:00,29,111603,ES
Daily Dismissal,Upper Loop,11/4/22 14:00,AUTO,2nd Grade,11/4/22 14:29,11/4/22 14:46,14:29,14:46,0:17:00,17,11/4/2022 14:00:00,29,111604,ES
Daily Dismissal,Upper Loop,11/4/22 14:00,AUTO,3rd Grade,11/4/22 14:30,11/4/22 14:33,14:30,14:33,0:03:00,3,11/4/2022 14:00:00,30,111605,ES
Daily Dismissal,Upper Loop,11/4/22 14:00,AUTO,Pre-K - Bo,11/4/22 14:30,11/4/22 14:33,14:30,14:33,0:03:00,3,11/4/2022 14:00:00,30,111605,ES
Daily Dismissal,Upper Loop,11/4/22 14:00,AUTO,5th Grade,11/4/22 14:30,11/4/22 14:34,14:30,14:34,0:04:00,4,11/4/2022 14:00:00,30,111606,ES
Daily Dismissal,Upper Loop,11/4/22 14:00,AUTO,3rd Grade,11/4/22 14:30,11/7/22 14:11,14:30,14:11,71:41:00,4301,11/4/2022 14:00:00,30,111607,ES
Daily Dismissal,Upper Loop,11/4/22 14:00,AUTO,5th Grade,11/4/22 14:31,11/4/22 14:33,14:31,14:33,0:02:00,2,11/4/2022 14:00:00,31,111608,ES
Daily Dismissal,Upper Loop,11/4/22 14:00,AUTO,5th Grade,11/4/22 14:31,11/4/22 14:34,14:31,14:34,0:03:00,3,11/4/2022 14:00:00,31,111609,ES
Daily Dismissal,Upper Loop,11/4/22 14:00,AUTO,2nd Grade,11/4/22 14:31,11/4/22 14:42,14:31,14:42,0:11:00,11,11/4/2022 14:00:00,31,111610,ES
Daily Dismissal,Upper Loop,11/4/22 14:00,AUTO,1st Grade,11/4/22 14:31,11/4/22 14:42,14:31,14:42,0:11:00,11,11/4/2022 14:00:00,31,111610,ES
Daily Dismissal,Upper Loop,11/4/22 14:00,AUTO,1st Grade,11/4/22 14:31,11/4/22 14:41,14:31,14:41,0:10:00,10,11/4/2022 14:00:00,31,111611,ES
Daily Dismissal,Upper Loop,11/4/22 14:00,AUTO,4th Grade,11/4/22 14:31,11/4/22 14:34,14:31,14:34,0:03:00,3,11/4/2022 14:00:00,31,111612,ES
Daily Dismissal,Upper Loop,11/4/22 14:00,AUTO,3rd Grade,11/4/22 14:31,11/4/22 15:20,14:31,15:20,0:49:00,49,11/4/2022 14:00:00,31,111613,ES
Daily Dismissal,Upper Loop,11/4/22 14:00,AUTO,5th Grade,11/4/22 14:31,11/4/22 14:34,14:31,14:34,0:03:00,3,11/4/2022 14:00:00,31,111614,ES
Daily Dismissal,Upper Loop,11/4/22 14:00,AUTO,1st Grade,11/4/22 14:31,11/4/22 14:35,14:31,14:35,0:04:00,4,11/4/2022 14:00:00,31,111615,ES
Daily Dismissal,Upper Loop,11/4/22 14:00,AUTO,5th Grade,11/4/22 14:31,11/4/22 14:35,14:31,14:35,0:04:00,4,11/4/2022 14:00:00,31,111615,ES
Daily Dismissal,Upper Loop,11/4/22 14:00,AUTO,4th Grade,11/4/22 14:31,11/4/22 14:38,14:31,14:38,0:07:00,7,11/4/2022 14:00:00,31,111616,ES
Daily Dismissal,Upper Loop,11/4/22 14:00,AUTO,1st Grade,11/4/22 14:31,11/4/22 14:38,14:31,14:38,0:07:00,7,11/4/2022 14:00:00,31,111616,ES
Daily Dismissal,Upper Loop,11/4/22 14:00,AUTO,4th Grade,11/4/22 14:32,11/4/22 14:36,14:32,14:36,0:04:00,4,11/4/2022 14:00:00,32,111619,ES
Daily Dismissal,Upper Loop,11/4/22 14:00,AUTO,3rd Grade,11/4/22 14:33,11/4/22 14:35,14:33,14:35,0:02:00,2,11/4/2022 14:00:00,33,111620,ES
Daily Dismissal,Upper Loop,11/4/22 14:00,AUTO,1st Grade,11/4/22 14:33,11/4/22 14:35,14:33,14:35,0:02:00,2,11/4/2022 14:00:00,33,111620,ES
Daily Dismissal,Upper Loop,11/4/22 14:00,AUTO,4th Grade,11/4/22 14:34,11/4/22 14:48,14:34,14:48,0:14:00,14,11/4/2022 14:00:00,34,111623,ES
Daily Dismissal,Upper Loop,11/4/22 14:00,AUTO,Kindergart,11/4/22 14:34,11/4/22 14:48,14:34,14:48,0:14:00,14,11/4/2022 14:00:00,34,111623,ES
Daily Dismissal,Upper Loop,11/4/22 14:00,AUTO,Kindergart,11/4/22 14:35,11/4/22 14:49,14:35,14:49,0:14:00,14,11/4/2022 14:00:00,35,111624,ES
Daily Dismissal,Upper Loop,11/4/22 14:00,AUTO,2nd Grade,11/4/22 14:36,11/4/22 15:28,14:36,15:28,0:52:00,52,11/4/2022 14:00:00,36,111625,ES
Daily Dismissal,Upper Loop,11/4/22 14:00,AUTO,4th Grade,11/4/22 14:36,11/4/22 15:28,14:36,15:28,0:52:00,52,11/4/2022 14:00:00,36,111625,ES
Daily Dismissal,Upper Loop,11/4/22 14:00,AUTO,1st Grade,11/4/22 14:36,11/4/22 14:38,14:36,14:38,0:02:00,2,11/4/2022 14:00:00,36,111626,ES
Daily Dismissal,Upper Loop,11/4/22 14:00,AUTO,3rd Grade,11/4/22 14:36,11/4/22 14:38,14:36,14:38,0:02:00,2,11/4/2022 14:00:00,36,111626,ES
Daily Dismissal,Upper Loop,11/4/22 14:00,AUTO,1st Grade,11/4/22 14:36,11/4/22 14:39,14:36,14:39,0:03:00,3,11/4/2022 14:00:00,36,111627,ES
Daily Dismissal,Upper Loop,11/4/22 14:00,AUTO,5th Grade,11/4/22 14:36,11/4/22 14:39,14:36,14:39,0:03:00,3,11/4/2022 14:00:00,36,111627,ES
Daily Dismissal,Upper Loop,11/4/22 14:00,AUTO,4th Grade,11/4/22 14:37,11/4/22 14:39,14:37,14:39,0:02:00,2,11/4/2022 14:00:00,37,111628,ES
Daily Dismissal,Upper Loop,11/4/22 14:00,AUTO,3rd Grade,11/4/22 14:37,11/4/22 14:38,14:37,14:38,0:01:00,1,11/4/2022 14:00:00,37,111629,ES
Daily Dismissal,Upper Loop,11/4/22 14:00,AUTO,5th Grade,11/4/22 14:38,11/4/22 15:28,14:38,15:28,0:50:00,50,11/4/2022 14:00:00,38,111631,ES
Daily Dismissal,Upper Loop,11/4/22 14:00,AUTO,1st Grade,11/4/22 14:38,11/4/22 15:28,14:38,15:28,0:50:00,50,11/4/2022 14:00:00,38,111631,ES
Daily Dismissal,Upper Loop,11/4/22 14:00,AUTO,4th Grade,11/4/22 14:39,11/4/22 14:51,14:39,14:51,0:12:00,12,11/4/2022 14:00:00,39,111633,ES
Daily Dismissal,Upper Loop,11/4/22 14:00,AUTO,1st Grade,11/4/22 14:39,11/4/22 14:51,14:39,14:51,0:12:00,12,11/4/2022 14:00:00,39,111633,ES
Daily Dismissal,Upper Loop,11/4/22 14:00,AUTO,1st Grade,11/4/22 14:40,11/4/22 15:05,14:40,15:05,0:25:00,25,11/4/2022 14:00:00,40,111634,ES
Daily Dismissal,Upper Loop,11/4/22 14:00,AUTO,3rd Grade,11/4/22 14:40,11/4/22 15:05,14:40,15:05,0:25:00,25,11/4/2022 14:00:00,40,111634,ES
Daily Dismissal,Upper Loop,11/4/22 14:00,AUTO,Kindergart,11/4/22 14:40,11/4/22 14:41,14:40,14:41,0:01:00,1,11/4/2022 14:00:00,40,111635,ES
Daily Dismissal,Upper Loop,11/4/22 14:00,AUTO,4th Grade,11/4/22 14:40,11/4/22 14:41,14:40,14:41,0:01:00,1,11/4/2022 14:00:00,40,111635,ES
Daily Dismissal,Upper Loop,11/4/22 14:00,AUTO,5th Grade,11/4/22 14:41,11/4/22 14:44,14:41,14:44,0:03:00,3,11/4/2022 14:00:00,41,111636,ES
Daily Dismissal,Upper Loop,11/4/22 14:00,AUTO,5th Grade,11/4/22 14:42,11/4/22 14:44,14:42,14:44,0:02:00,2,11/4/2022 14:00:00,42,111637,ES
Daily Dismissal,Upper Loop,11/4/22 14:00,AUTO,5th Grade,11/4/22 14:42,11/4/22 14:44,14:42,14:44,0:02:00,2,11/4/2022 14:00:00,42,111637,ES
Daily Dismissal,Upper Loop,11/4/22 14:00,AUTO,4th Grade,11/4/22 14:43,11/4/22 15:28,14:43,15:28,0:45:00,45,11/4/2022 14:00:00,43,111638,ES
Daily Dismissal,Upper Loop,11/4/22 14:00,AUTO,5th Grade,11/4/22 14:44,11/4/22 14:50,14:44,14:50,0:06:00,6,11/4/2022 14:00:00,44,111639,ES
Daily Dismissal,Upper Loop,11/4/22 14:00,AUTO,5th Grade,11/4/22 14:44,11/4/22 14:50,14:44,14:50,0:06:00,6,11/4/2022 14:00:00,44,111639,ES
Daily Dismissal,Upper Loop,11/4/22 14:00,AUTO,4th Grade,11/4/22 14:47,11/4/22 15:20,14:47,15:20,0:33:00,33,11/4/2022 14:00:00,47,111642,ES
Daily Dismissal,Upper Loop,11/4/22 14:00,AUTO,4th Grade,11/4/22 14:48,11/4/22 15:00,14:48,15:00,0:12:00,12,11/4/2022 14:00:00,48,111646,ES
Daily Dismissal,Upper Loop,11/4/22 14:00,AUTO,4th Grade,11/4/22 14:51,11/4/22 15:09,14:51,15:09,0:18:00,18,11/4/2022 14:00:00,51,111649,ES
Daily Dismissal,Upper Loop,11/4/22 14:00,AUTO,1st Grade,11/4/22 14:51,11/4/22 15:27,14:51,15:27,0:36:00,36,11/4/2022 14:00:00,51,111650,ES
Daily Dismissal,Upper Loop,11/4/22 14:00,AUTO,2nd Grade,11/4/22 14:52,11/4/22 15:01,14:52,15:01,0:09:00,9,11/4/2022 14:00:00,52,111651,ES
Daily Dismissal,Upper Loop,11/4/22 14:00,AUTO,5th Grade,11/4/22 14:52,11/4/22 15:01,14:52,15:01,0:09:00,9,11/4/2022 14:00:00,52,111651,ES
Daily Dismissal,Upper Loop,11/4/22 14:00,AUTO,1st Grade,11/4/22 14:52,11/4/22 15:23,14:52,15:23,0:31:00,31,11/4/2022 14:00:00,52,111652,ES
Daily Dismissal,Upper Loop,11/4/22 14:00,AUTO,4th Grade,11/4/22 14:52,11/4/22 15:03,14:52,15:03,0:11:00,11,11/4/2022 14:00:00,52,111654,ES
Daily Dismissal,Upper Loop,11/4/22 14:00,AUTO,5th Grade,11/4/22 14:52,11/4/22 15:01,14:52,15:01,0:09:00,9,11/4/2022 14:00:00,52,111655,ES
Daily Dismissal,Upper Loop,11/4/22 14:00,AUTO,3rd Grade,11/4/22 14:52,11/4/22 15:01,14:52,15:01,0:09:00,9,11/4/2022 14:00:00,52,111655,ES
Daily Dismissal,Upper Loop,11/4/22 14:00,AUTO,3rd Grade,11/4/22 14:53,11/4/22 15:30,14:53,15:30,0:37:00,37,11/4/2022 14:00:00,53,111656,ES
Daily Dismissal,Upper Loop,11/4/22 14:00,AUTO,Pre-K - Bo,11/4/22 14:54,11/4/22 15:03,14:54,15:03,0:09:00,9,11/4/2022 14:00:00,54,111658,ES
Daily Dismissal,Upper Loop,11/4/22 14:00,AUTO,Pre-K - Bo,11/4/22 14:54,11/4/22 15:18,14:54,15:18,0:24:00,24,11/4/2022 14:00:00,54,111660,ES
Daily Dismissal,Upper Loop,11/4/22 14:00,AUTO,1st Grade,11/4/22 14:54,11/4/22 15:18,14:54,15:18,0:24:00,24,11/4/2022 14:00:00,54,111660,ES
Daily Dismissal,Upper Loop,11/4/22 14:00,AUTO,4th Grade,11/4/22 14:56,11/4/22 15:10,14:56,15:10,0:14:00,14,11/4/2022 14:00:00,56,111664,ES
Daily Dismissal,Upper Loop,11/4/22 14:00,AUTO,4th Grade,11/4/22 14:56,11/4/22 15:29,14:56,15:29,0:33:00,33,11/4/2022 14:00:00,56,111666,ES
Daily Dismissal,Upper Loop,11/4/22 14:00,AUTO,Kindergart,11/4/22 14:57,11/4/22 15:33,14:57,15:33,0:36:00,36,11/4/2022 14:00:00,57,111667,ES
Daily Dismissal,Upper Loop,11/4/22 14:00,AUTO,2nd Grade,11/4/22 14:57,11/4/22 15:33,14:57,15:33,0:36:00,36,11/4/2022 14:00:00,57,111667,ES
Daily Dismissal,Upper Loop,11/4/22 14:00,AUTO,5th Grade,11/4/22 14:58,11/4/22 15:55,14:58,15:55,0:57:00,57,11/4/2022 14:00:00,58,111670,ES
Daily Dismissal,Upper Loop,11/4/22 14:00,AUTO,1st Grade,11/4/22 14:58,11/4/22 15:55,14:58,15:55,0:57:00,57,11/4/2022 14:00:00,58,111670,ES
Daily Dismissal,Upper Loop,11/4/22 14:00,AUTO,4th Grade,11/4/22 14:59,11/4/22 15:08,14:59,15:08,0:09:00,9,11/4/2022 14:00:00,59,111674,ES
Daily Dismissal,Upper Loop,11/4/22 14:00,AUTO,1st Grade,11/4/22 15:02,11/4/22 15:26,15:02,15:26,0:24:00,24,11/4/2022 14:00:00,62,111684,ES
Daily Dismissal,Upper Loop,11/4/22 14:00,AUTO,5th Grade,11/4/22 15:03,11/4/22 15:34,15:03,15:34,0:31:00,31,11/4/2022 14:00:00,63,111686,ES
Daily Dismissal,Upper Loop,11/4/22 14:00,AUTO,2nd Grade,11/4/22 15:03,11/4/22 15:34,15:03,15:34,0:31:00,31,11/4/2022 14:00:00,63,111686,ES
Daily Dismissal,Upper Loop,11/4/22 14:00,AUTO,5th Grade,11/4/22 15:04,11/4/22 15:31,15:04,15:31,0:27:00,27,11/4/2022 14:00:00,64,111690,ES
Daily Dismissal,Upper Loop,11/4/22 14:00,AUTO,1st Grade,11/4/22 15:04,11/4/22 15:29,15:04,15:29,0:25:00,25,11/4/2022 14:00:00,64,111691,ES
Daily Dismissal,Upper Loop,11/4/22 14:00,AUTO,4th Grade,11/4/22 15:05,11/4/22 15:29,15:05,15:29,0:24:00,24,11/4/2022 14:00:00,65,111692,ES
Daily Dismissal,Upper Loop,11/4/22 14:00,AUTO,5th Grade,11/4/22 15:05,11/4/22 15:21,15:05,15:21,0:16:00,16,11/4/2022 14:00:00,65,111694,ES
Daily Dismissal,Upper Loop,11/4/22 14:00,AUTO,4th Grade,11/4/22 15:05,11/8/22 15:11,15:05,15:11,96:06:00,5766,11/4/2022 14:00:00,65,111696,ES
Daily Dismissal,Upper Loop,11/4/22 14:00,AUTO,2nd Grade,11/4/22 15:07,11/4/22 15:32,15:07,15:32,0:25:00,25,11/4/2022 14:00:00,67,111700,ES
Daily Dismissal,Upper Loop,11/4/22 14:00,AUTO,4th Grade,11/4/22 15:07,11/4/22 15:30,15:07,15:30,0:23:00,23,11/4/2022 14:00:00,67,111701,ES
Daily Dismissal,Upper Loop,11/4/22 14:00,AUTO,1st Grade,11/4/22 15:08,11/4/22 15:48,15:08,15:48,0:40:00,40,11/4/2022 14:00:00,68,111703,ES
Daily Dismissal,Upper Loop,11/4/22 14:00,AUTO,5th Grade,11/4/22 15:08,11/4/22 15:30,15:08,15:30,0:22:00,22,11/4/2022 14:00:00,68,111704,ES
Daily Dismissal,Upper Loop,11/4/22 14:00,AUTO,5th Grade,11/4/22 15:08,11/4/22 15:25,15:08,15:25,0:17:00,17,11/4/2022 14:00:00,68,111706,ES
Daily Dismissal,Upper Loop,11/4/22 14:00,AUTO,Kindergart,11/4/22 15:09,11/4/22 15:32,15:09,15:32,0:23:00,23,11/4/2022 14:00:00,69,111710,ES
Daily Dismissal,Upper Loop,11/4/22 14:00,AUTO,1st Grade,11/4/22 15:09,11/4/22 15:29,15:09,15:29,0:20:00,20,11/4/2022 14:00:00,69,111711,ES
Daily Dismissal,Upper Loop,11/4/22 14:00,AUTO,Pre-K - Ka,11/4/22 15:09,11/4/22 15:29,15:09,15:29,0:20:00,20,11/4/2022 14:00:00,69,111711,ES
Daily Dismissal,Upper Loop,11/4/22 14:00,AUTO,5th Grade,11/4/22 15:09,11/4/22 15:29,15:09,15:29,0:20:00,20,11/4/2022 14:00:00,69,111711,ES
Daily Dismissal,Upper Loop,11/4/22 14:00,AUTO,1st Grade,11/4/22 15:09,11/4/22 15:33,15:09,15:33,0:24:00,24,11/4/2022 14:00:00,69,111712,ES
Daily Dismissal,Upper Loop,11/4/22 14:00,AUTO,Kindergart,11/4/22 15:10,11/4/22 15:34,15:10,15:34,0:24:00,24,11/4/2022 14:00:00,70,111718,ES
Daily Dismissal,Upper Loop,11/4/22 14:00,AUTO,1st Grade,11/4/22 15:10,11/4/22 15:26,15:10,15:26,0:16:00,16,11/4/2022 14:00:00,70,111719,ES
Daily Dismissal,Upper Loop,11/4/22 14:00,AUTO,5th Grade,11/4/22 15:12,11/4/22 15:33,15:12,15:33,0:21:00,21,11/4/2022 14:00:00,72,111726,ES
Daily Dismissal,Upper Loop,11/4/22 14:00,AUTO,2nd Grade,11/4/22 15:16,11/4/22 15:33,15:16,15:33,0:17:00,17,11/4/2022 14:00:00,76,111731,ES
Daily Dismissal,Upper Loop,11/4/22 14:00,AUTO,2nd Grade,11/4/22 15:18,11/4/22 15:30,15:18,15:30,0:12:00,12,11/4/2022 14:00:00,78,111736,ES
Daily Dismissal,Upper Loop,11/4/22 14:00,AUTO,Kindergart,11/4/22 15:18,11/4/22 15:30,15:18,15:30,0:12:00,12,11/4/2022 14:00:00,78,111736,ES
Daily Dismissal,Upper Loop,11/4/22 14:00,AUTO,3rd Grade,11/4/22 15:18,11/4/22 15:31,15:18,15:31,0:13:00,13,11/4/2022 14:00:00,78,111737,ES
Daily Dismissal,Upper Loop,11/4/22 14:00,AUTO,2nd Grade,11/4/22 15:19,11/4/22 15:31,15:19,15:31,0:12:00,12,11/4/2022 14:00:00,79,111738,ES
Daily Dismissal,Upper Loop,11/4/22 14:00,AUTO,4th Grade,11/4/22 15:21,11/4/22 15:36,15:21,15:36,0:15:00,15,11/4/2022 14:00:00,81,111744,ES
Daily Dismissal,Upper Loop,11/4/22 14:00,AUTO,1st Grade,11/4/22 15:21,11/4/22 15:36,15:21,15:36,0:15:00,15,11/4/2022 14:00:00,81,111744,ES
Daily Dismissal,Upper Loop,11/4/22 14:00,AUTO,2nd Grade,11/4/22 15:21,11/4/22 15:32,15:21,15:32,0:11:00,11,11/4/2022 14:00:00,81,111745,ES
Daily Dismissal,Upper Loop,11/4/22 14:00,AUTO,3rd Grade,11/4/22 15:23,11/4/22 15:38,15:23,15:38,0:15:00,15,11/4/2022 14:00:00,83,111753,ES
Daily Dismissal,Upper Loop,11/4/22 14:00,AUTO,2nd Grade,11/4/22 15:24,11/4/22 15:34,15:24,15:34,0:10:00,10,11/4/2022 14:00:00,84,111756,ES
Daily Dismissal,Upper Loop,11/4/22 14:00,AUTO,Pre-K - Bo,11/4/22 15:25,11/4/22 15:38,15:25,15:38,0:13:00,13,11/4/2022 14:00:00,85,111763,ES
Daily Dismissal,Upper Loop,11/4/22 14:00,AUTO,3rd Grade,11/4/22 15:25,11/4/22 15:33,15:25,15:33,0:08:00,8,11/4/2022 14:00:00,85,111765,ES
Daily Dismissal,Upper Loop,11/4/22 14:00,AUTO,Kindergart,11/4/22 15:26,11/4/22 15:46,15:26,15:46,0:20:00,20,11/4/2022 14:00:00,86,111772,ES
Daily Dismissal,Upper Loop,11/4/22 14:00,AUTO,3rd Grade,11/4/22 15:27,11/4/22 15:38,15:27,15:38,0:11:00,11,11/4/2022 14:00:00,87,111773,ES
Daily Dismissal,Upper Loop,11/4/22 14:00,AUTO,5th Grade,11/4/22 15:27,11/4/22 15:41,15:27,15:41,0:14:00,14,11/4/2022 14:00:00,87,111775,ES
Daily Dismissal,Upper Loop,11/4/22 14:00,AUTO,2nd Grade,11/4/22 15:28,11/4/22 15:39,15:28,15:39,0:11:00,11,11/4/2022 14:00:00,88,111777,ES
Daily Dismissal,Upper Loop,11/4/22 14:00,AUTO,5th Grade,11/4/22 15:28,11/4/22 15:39,15:28,15:39,0:11:00,11,11/4/2022 14:00:00,88,111778,ES
Daily Dismissal,Upper Loop,11/4/22 14:00,AUTO,1st Grade,11/4/22 15:28,11/4/22 15:39,15:28,15:39,0:11:00,11,11/4/2022 14:00:00,88,111778,ES
Daily Dismissal,Upper Loop,11/4/22 14:00,AUTO,5th Grade,11/4/22 15:28,11/4/22 15:43,15:28,15:43,0:15:00,15,11/4/2022 14:00:00,88,111779,ES
Daily Dismissal,Upper Loop,11/4/22 14:00,AUTO,4th Grade,11/4/22 15:28,11/4/22 15:43,15:28,15:43,0:15:00,15,11/4/2022 14:00:00,88,111779,ES
Daily Dismissal,Upper Loop,11/4/22 14:00,AUTO,5th Grade,11/4/22 15:28,11/4/22 15:40,15:28,15:40,0:12:00,12,11/4/2022 14:00:00,88,111781,ES
Daily Dismissal,Upper Loop,11/4/22 14:00,AUTO,Kindergart,11/4/22 15:31,11/4/22 15:38,15:31,15:38,0:07:00,7,11/4/2022 14:00:00,91,111794,ES
Daily Dismissal,Upper Loop,11/4/22 14:00,AUTO,5th Grade,11/4/22 15:31,11/4/22 15:36,15:31,15:36,0:05:00,5,11/4/2022 14:00:00,91,111795,ES
Daily Dismissal,Upper Loop,11/4/22 14:00,AUTO,Kindergart,11/4/22 15:31,11/4/22 15:45,15:31,15:45,0:14:00,14,11/4/2022 14:00:00,91,111796,ES
Daily Dismissal,Upper Loop,11/4/22 14:00,AUTO,2nd Grade,11/4/22 15:32,11/4/22 15:46,15:32,15:46,0:14:00,14,11/4/2022 14:00:00,92,111798,ES
Daily Dismissal,Upper Loop,11/4/22 14:00,AUTO,Kindergart,11/4/22 15:32,11/4/22 15:42,15:32,15:42,0:10:00,10,11/4/2022 14:00:00,92,111801,ES
Daily Dismissal,Upper Loop,11/4/22 14:00,AUTO,Pre-K - Ka,11/4/22 15:33,11/4/22 15:52,15:33,15:52,0:19:00,19,11/4/2022 14:00:00,93,111804,ES
Daily Dismissal,Upper Loop,11/4/22 14:00,AUTO,5th Grade,11/4/22 15:33,11/4/22 15:42,15:33,15:42,0:09:00,9,11/4/2022 14:00:00,93,111805,ES
Daily Dismissal,Upper Loop,11/4/22 14:00,AUTO,5th Grade,11/4/22 15:33,11/4/22 15:47,15:33,15:47,0:14:00,14,11/4/2022 14:00:00,93,111806,ES
Daily Dismissal,Upper Loop,11/4/22 14:00,AUTO,5th Grade,11/4/22 15:34,11/4/22 15:44,15:34,15:44,0:10:00,10,11/4/2022 14:00:00,94,111807,ES
Daily Dismissal,Upper Loop,11/4/22 14:00,AUTO,1st Grade,11/4/22 15:34,11/4/22 15:45,15:34,15:45,0:11:00,11,11/4/2022 14:00:00,94,111808,ES
Daily Dismissal,Upper Loop,11/4/22 14:00,AUTO,4th Grade,11/4/22 15:34,11/4/22 15:34,15:34,15:34,0:00:00,0,11/4/2022 14:00:00,94,111809,ES
Daily Dismissal,Upper Loop,11/4/22 14:00,AUTO,4th Grade,11/4/22 15:34,11/4/22 15:42,15:34,15:42,0:08:00,8,11/4/2022 14:00:00,94,111810,ES
Daily Dismissal,Upper Loop,11/4/22 14:00,AUTO,5th Grade,11/4/22 15:34,11/4/22 15:37,15:34,15:37,0:03:00,3,11/4/2022 14:00:00,94,111812,ES
Daily Dismissal,Upper Loop,11/4/22 14:00,AUTO,Kindergart,11/4/22 15:34,11/4/22 15:35,15:34,15:35,0:01:00,1,11/4/2022 14:00:00,94,111814,ES
Daily Dismissal,Upper Loop,11/4/22 14:00,AUTO,4th Grade,11/4/22 15:35,11/4/22 15:43,15:35,15:43,0:08:00,8,11/4/2022 14:00:00,95,111816,ES
Daily Dismissal,Upper Loop,11/4/22 14:00,AUTO,4th Grade,11/4/22 15:35,11/4/22 15:59,15:35,15:59,0:24:00,24,11/4/2022 14:00:00,95,111817,ES
Daily Dismissal,Upper Loop,11/4/22 14:00,AUTO,3rd Grade,11/4/22 15:35,11/4/22 15:55,15:35,15:55,0:20:00,20,11/4/2022 14:00:00,95,111818,ES
Daily Dismissal,Upper Loop,11/4/22 14:00,AUTO,1st Grade,11/4/22 15:35,11/4/22 15:55,15:35,15:55,0:20:00,20,11/4/2022 14:00:00,95,111818,ES
Daily Dismissal,Upper Loop,11/4/22 14:00,AUTO,2nd Grade,11/4/22 15:35,11/9/22 16:16,15:35,16:16,120:41:00,7241,11/4/2022 14:00:00,95,111819,ES
Daily Dismissal,Upper Loop,11/4/22 14:00,AUTO,5th Grade,11/4/22 15:35,11/9/22 16:16,15:35,16:16,120:41:00,7241,11/4/2022 14:00:00,95,111819,ES
Daily Dismissal,Upper Loop,11/4/22 14:00,AUTO,5th Grade,11/4/22 15:35,11/4/22 15:45,15:35,15:45,0:10:00,10,11/4/2022 14:00:00,95,111821,ES
Daily Dismissal,Upper Loop,11/4/22 14:00,AUTO,1st Grade,11/4/22 15:36,11/4/22 15:46,15:36,15:46,0:10:00,10,11/4/2022 14:00:00,96,111825,ES
Daily Dismissal,Upper Loop,11/4/22 14:00,AUTO,2nd Grade,11/4/22 15:36,11/4/22 15:45,15:36,15:45,0:09:00,9,11/4/2022 14:00:00,96,111826,ES
Daily Dismissal,Upper Loop,11/4/22 14:00,AUTO,Kindergart,11/4/22 15:36,11/4/22 15:45,15:36,15:45,0:09:00,9,11/4/2022 14:00:00,96,111826,ES
Daily Dismissal,Upper Loop,11/4/22 14:00,AUTO,4th Grade,11/4/22 15:36,11/4/22 15:45,15:36,15:45,0:09:00,9,11/4/2022 14:00:00,96,111826,ES
Daily Dismissal,Upper Loop,11/4/22 14:00,AUTO,3rd Grade,11/4/22 15:37,11/4/22 15:50,15:37,15:50,0:13:00,13,11/4/2022 14:00:00,97,111830,ES
Daily Dismissal,Upper Loop,11/4/22 14:00,AUTO,3rd Grade,11/4/22 15:37,11/4/22 15:52,15:37,15:52,0:15:00,15,11/4/2022 14:00:00,97,111831,ES
Daily Dismissal,Upper Loop,11/4/22 14:00,AUTO,Pre-K - Bo,11/4/22 15:37,11/4/22 15:44,15:37,15:44,0:07:00,7,11/4/2022 14:00:00,97,111832,ES
Daily Dismissal,Upper Loop,11/4/22 14:00,AUTO,3rd Grade,11/4/22 15:37,11/4/22 15:44,15:37,15:44,0:07:00,7,11/4/2022 14:00:00,97,111832,ES
Daily Dismissal,Upper Loop,11/4/22 14:00,AUTO,2nd Grade,11/4/22 15:37,11/4/22 15:37,15:37,15:37,0:00:00,0,11/4/2022 14:00:00,97,111833,ES
Daily Dismissal,Upper Loop,11/4/22 14:00,AUTO,2nd Grade,11/4/22 15:37,11/4/22 15:41,15:37,15:41,0:04:00,4,11/4/2022 14:00:00,97,111834,ES
Daily Dismissal,Upper Loop,11/4/22 14:00,AUTO,2nd Grade,11/4/22 15:37,11/4/22 15:51,15:37,15:51,0:14:00,14,11/4/2022 14:00:00,97,111836,ES
Daily Dismissal,Upper Loop,11/4/22 14:00,AUTO,3rd Grade,11/4/22 15:37,11/4/22 15:51,15:37,15:51,0:14:00,14,11/4/2022 14:00:00,97,111836,ES
Daily Dismissal,Upper Loop,11/4/22 14:00,AUTO,4th Grade,11/4/22 15:37,11/4/22 15:53,15:37,15:53,0:16:00,16,11/4/2022 14:00:00,97,111838,ES
Daily Dismissal,Upper Loop,11/4/22 14:00,AUTO,Kindergart,11/4/22 15:37,11/4/22 15:45,15:37,15:45,0:08:00,8,11/4/2022 14:00:00,97,111839,ES
Daily Dismissal,Upper Loop,11/4/22 14:00,AUTO,5th Grade,11/4/22 15:38,11/4/22 15:56,15:38,15:56,0:18:00,18,11/4/2022 14:00:00,98,111840,ES
Daily Dismissal,Upper Loop,11/4/22 14:00,AUTO,2nd Grade,11/4/22 15:38,11/4/22 15:56,15:38,15:56,0:18:00,18,11/4/2022 14:00:00,98,111840,ES
Daily Dismissal,Upper Loop,11/4/22 14:00,AUTO,4th Grade,11/4/22 15:39,11/4/22 15:39,15:39,15:39,0:00:00,0,11/4/2022 14:00:00,99,111842,ES
Daily Dismissal,Upper Loop,11/4/22 14:00,AUTO,4th Grade,11/4/22 15:39,11/7/22 14:35,15:39,14:35,70:56:00,4256,11/4/2022 14:00:00,99,111843,ES
Daily Dismissal,Upper Loop,11/4/22 14:00,AUTO,Kindergart,11/4/22 15:39,11/4/22 15:54,15:39,15:54,0:15:00,15,11/4/2022 14:00:00,99,111844,ES
Daily Dismissal,Upper Loop,11/4/22 14:00,AUTO,5th Grade,11/4/22 15:39,11/4/22 15:45,15:39,15:45,0:06:00,6,11/4/2022 14:00:00,99,111846,ES
Daily Dismissal,Upper Loop,11/4/22 14:00,AUTO,1st Grade,11/4/22 15:39,11/4/22 15:46,15:39,15:46,0:07:00,7,11/4/2022 14:00:00,99,111847,ES
Daily Dismissal,Upper Loop,11/4/22 14:00,AUTO,2nd Grade,11/4/22 15:39,11/4/22 15:50,15:39,15:50,0:11:00,11,11/4/2022 14:00:00,99,111848,ES
Daily Dismissal,Upper Loop,11/4/22 14:00,AUTO,5th Grade,11/4/22 15:40,11/4/22 15:55,15:40,15:55,0:15:00,15,11/4/2022 14:00:00,100,111850,ES
Daily Dismissal,Upper Loop,11/4/22 14:00,AUTO,5th Grade,11/4/22 15:40,11/4/22 15:55,15:40,15:55,0:15:00,15,11/4/2022 14:00:00,100,111850,ES
Daily Dismissal,Upper Loop,11/4/22 14:00,AUTO,4th Grade,11/4/22 15:40,11/4/22 15:53,15:40,15:53,0:13:00,13,11/4/2022 14:00:00,100,111851,ES
Daily Dismissal,Upper Loop,11/4/22 14:00,AUTO,Pre-K - Bo,11/4/22 15:41,11/4/22 15:51,15:41,15:51,0:10:00,10,11/4/2022 14:00:00,101,111852,ES
Daily Dismissal,Upper Loop,11/4/22 14:00,AUTO,Kindergart,11/4/22 15:41,11/4/22 15:51,15:41,15:51,0:10:00,10,11/4/2022 14:00:00,101,111852,ES
Daily Dismissal,Upper Loop,11/4/22 14:00,AUTO,4th Grade,11/4/22 15:43,11/4/22 15:55,15:43,15:55,0:12:00,12,11/4/2022 14:00:00,103,111854,ES
Daily Dismissal,Upper Loop,11/4/22 14:00,AUTO,1st Grade,11/4/22 15:43,11/4/22 15:55,15:43,15:55,0:12:00,12,11/4/2022 14:00:00,103,111854,ES
Daily Dismissal,Upper Loop,11/4/22 14:00,AUTO,Kindergart,11/4/22 15:43,11/4/22 15:58,15:43,15:58,0:15:00,15,11/4/2022 14:00:00,103,111855,ES
Daily Dismissal,Upper Loop,11/4/22 14:00,AUTO,4th Grade,11/4/22 15:44,11/7/22 14:59,15:44,14:59,71:15:00,4275,11/4/2022 14:00:00,104,111856,ES
Daily Dismissal,Upper Loop,11/4/22 14:00,AUTO,1st Grade,11/4/22 15:44,11/4/22 15:56,15:44,15:56,0:12:00,12,11/4/2022 14:00:00,104,111858,ES
Daily Dismissal,Upper Loop,11/4/22 14:00,AUTO,3rd Grade,11/4/22 15:44,11/4/22 15:56,15:44,15:56,0:12:00,12,11/4/2022 14:00:00,104,111858,ES
Daily Dismissal,Upper Loop,11/4/22 14:00,AUTO,3rd Grade,11/4/22 15:45,11/4/22 15:51,15:45,15:51,0:06:00,6,11/4/2022 14:00:00,105,111862,ES
Daily Dismissal,Upper Loop,11/4/22 14:00,AUTO,3rd Grade,11/4/22 15:47,11/4/22 15:59,15:47,15:59,0:12:00,12,11/4/2022 14:00:00,107,111863,ES
Daily Dismissal,Upper Loop,11/4/22 14:00,AUTO,5th Grade,11/4/22 15:49,11/4/22 15:59,15:49,15:59,0:10:00,10,11/4/2022 14:00:00,109,111865,ES
Daily Dismissal,Upper Loop,11/4/22 14:00,AUTO,Kindergart,11/4/22 15:49,11/7/22 14:46,15:49,14:46,70:57:00,4257,11/4/2022 14:00:00,109,111866,ES
Daily Dismissal,Upper Loop,11/4/22 14:00,AUTO,3rd Grade,11/4/22 15:49,11/7/22 14:46,15:49,14:46,70:57:00,4257,11/4/2022 14:00:00,109,111866,ES
Daily Dismissal,Upper Loop,11/4/22 14:00,AUTO,5th Grade,11/4/22 15:50,11/7/22 14:45,15:50,14:45,70:55:00,4255,11/4/2022 14:00:00,110,111868,ES
Daily Dismissal,Upper Loop,11/4/22 14:00,AUTO,2nd Grade,11/4/22 15:51,11/7/22 15:12,15:51,15:12,71:21:00,4281,11/4/2022 14:00:00,111,111870,ES
Daily Dismissal,Upper Loop,11/4/22 14:00,AUTO,Kindergart,11/4/22 15:51,11/7/22 15:12,15:51,15:12,71:21:00,4281,11/4/2022 14:00:00,111,111870,ES
Daily Dismissal,Upper Loop,11/4/22 14:00,AUTO,4th Grade,11/4/22 15:53,11/7/22 14:47,15:53,14:47,70:54:00,4254,11/4/2022 14:00:00,113,111871,ES
Daily Dismissal,Upper Loop,11/4/22 14:00,AUTO,3rd Grade,11/4/22 15:58,11/7/22 15:41,15:58,15:41,71:43:00,4303,11/4/2022 14:00:00,118,111876,ES